filename,label
glaucoma (1).jpg,0
glaucoma (10).jpg,0
glaucoma (100).jpg,0
glaucoma (101).jpg,0
glaucoma (102).jpg,0
glaucoma (103).jpg,0
glaucoma (104).jpg,0
glaucoma (105).jpg,0
glaucoma (106).jpg,0
glaucoma (107).jpg,0
glaucoma (108).jpg,0
glaucoma (109).jpg,0
glaucoma (11).jpg,0
glaucoma (110).jpg,0
glaucoma (111).jpg,0
glaucoma (112).jpg,0
glaucoma (113).jpg,0
glaucoma (114).jpg,0
glaucoma (115).jpg,0
glaucoma (116).jpg,0
glaucoma (117).jpg,0
glaucoma (118).jpg,0
glaucoma (119).jpg,0
glaucoma (12).jpg,0
glaucoma (120).jpg,0
glaucoma (121).jpg,0
glaucoma (122).jpg,0
glaucoma (123).jpg,0
glaucoma (124).jpg,0
glaucoma (125).jpg,0
glaucoma (126).jpg,0
glaucoma (127).jpg,0
glaucoma (128).jpg,0
glaucoma (129).jpg,0
glaucoma (13).jpg,0
glaucoma (130).jpg,0
glaucoma (131).jpg,0
glaucoma (132).jpg,0
glaucoma (133).jpg,0
glaucoma (134).jpg,0
glaucoma (135).jpg,0
glaucoma (136).jpg,0
glaucoma (137).jpg,0
glaucoma (138).jpg,0
glaucoma (139).jpg,0
glaucoma (14).jpg,0
glaucoma (140).jpg,0
glaucoma (141).jpg,0
glaucoma (142).jpg,0
glaucoma (143).jpg,0
glaucoma (144).jpg,0
glaucoma (145).jpg,0
glaucoma (146).jpg,0
glaucoma (147).jpg,0
glaucoma (148).jpg,0
glaucoma (149).jpg,0
glaucoma (15).jpg,0
glaucoma (150).jpg,0
glaucoma (151).jpg,0
glaucoma (152).jpg,0
glaucoma (153).jpg,0
glaucoma (154).jpg,0
glaucoma (155).jpg,0
glaucoma (156).jpg,0
glaucoma (157).jpg,0
glaucoma (158).jpg,0
glaucoma (159).jpg,0
glaucoma (16).jpg,0
glaucoma (160).jpg,0
glaucoma (161).jpg,0
glaucoma (162).jpg,0
glaucoma (163).jpg,0
glaucoma (164).jpg,0
glaucoma (165).jpg,0
glaucoma (166).jpg,0
glaucoma (167).jpg,0
glaucoma (168).jpg,0
glaucoma (169).jpg,0
glaucoma (17).jpg,0
glaucoma (170).jpg,0
glaucoma (171).jpg,0
glaucoma (172).jpg,0
glaucoma (173).jpg,0
glaucoma (174).jpg,0
glaucoma (175).jpg,0
glaucoma (176).jpg,0
glaucoma (177).jpg,0
glaucoma (178).jpg,0
glaucoma (179).jpg,0
glaucoma (18).jpg,0
glaucoma (180).jpg,0
glaucoma (181).jpg,0
glaucoma (182).jpg,0
glaucoma (183).jpg,0
glaucoma (184).jpg,0
glaucoma (185).jpg,0
glaucoma (186).jpg,0
glaucoma (187).jpg,0
glaucoma (188).jpg,0
glaucoma (189).jpg,0
glaucoma (19).jpg,0
glaucoma (190).jpg,0
glaucoma (191).jpg,0
glaucoma (192).jpg,0
glaucoma (193).jpg,0
glaucoma (194).jpg,0
glaucoma (195).jpg,0
glaucoma (196).jpg,0
glaucoma (197).jpg,0
glaucoma (198).jpg,0
glaucoma (199).jpg,0
glaucoma (2).jpg,0
glaucoma (20).jpg,0
glaucoma (200).jpg,0
glaucoma (201).jpg,0
glaucoma (202).jpg,0
glaucoma (203).jpg,0
glaucoma (204).jpg,0
glaucoma (205).jpg,0
glaucoma (206).jpg,0
glaucoma (207).jpg,0
glaucoma (208).jpg,0
glaucoma (209).jpg,0
glaucoma (21).jpg,0
glaucoma (210).jpg,0
glaucoma (211).jpg,0
glaucoma (212).jpg,0
glaucoma (213).jpg,0
glaucoma (214).jpg,0
glaucoma (215).jpg,0
glaucoma (216).jpg,0
glaucoma (217).jpg,0
glaucoma (218).jpg,0
glaucoma (219).jpg,0
glaucoma (22).jpg,0
glaucoma (220).jpg,0
glaucoma (221).jpg,0
glaucoma (222).jpg,0
glaucoma (223).jpg,0
glaucoma (224).jpg,0
glaucoma (225).jpg,0
glaucoma (226).jpg,0
glaucoma (227).jpg,0
glaucoma (228).jpg,0
glaucoma (229).jpg,0
glaucoma (23).jpg,0
glaucoma (230).jpg,0
glaucoma (231).jpg,0
glaucoma (232).jpg,0
glaucoma (233).jpg,0
glaucoma (234).jpg,0
glaucoma (235).jpg,0
glaucoma (236).jpg,0
glaucoma (237).jpg,0
glaucoma (238).jpg,0
glaucoma (239).jpg,0
glaucoma (24).jpg,0
glaucoma (240).jpg,0
glaucoma (241).jpg,0
glaucoma (242).jpg,0
glaucoma (243).jpg,0
glaucoma (244).jpg,0
glaucoma (245).jpg,0
glaucoma (246).jpg,0
glaucoma (247).jpg,0
glaucoma (248).jpg,0
glaucoma (249).jpg,0
glaucoma (25).jpg,0
glaucoma (250).jpg,0
glaucoma (251).jpg,0
glaucoma (252).jpg,0
glaucoma (253).jpg,0
glaucoma (254).jpg,0
glaucoma (255).jpg,0
glaucoma (256).jpg,0
glaucoma (257).jpg,0
glaucoma (258).jpg,0
glaucoma (259).jpg,0
glaucoma (26).jpg,0
glaucoma (260).jpg,0
glaucoma (261).jpg,0
glaucoma (262).jpg,0
glaucoma (263).jpg,0
glaucoma (264).jpg,0
glaucoma (265).jpg,0
glaucoma (266).jpg,0
glaucoma (267).jpg,0
glaucoma (268).jpg,0
glaucoma (269).jpg,0
glaucoma (27).jpg,0
glaucoma (270).jpg,0
glaucoma (271).jpg,0
glaucoma (272).jpg,0
glaucoma (273).jpg,0
glaucoma (274).jpg,0
glaucoma (275).jpg,0
glaucoma (276).jpg,0
glaucoma (277).jpg,0
glaucoma (278).jpg,0
glaucoma (279).jpg,0
glaucoma (28).jpg,0
glaucoma (280).jpg,0
glaucoma (281).jpg,0
glaucoma (282).jpg,0
glaucoma (283).jpg,0
glaucoma (284).jpg,0
glaucoma (285).jpg,0
glaucoma (286).jpg,0
glaucoma (287).jpg,0
glaucoma (288).jpg,0
glaucoma (289).jpg,0
glaucoma (29).jpg,0
glaucoma (290).jpg,0
glaucoma (291).jpg,0
glaucoma (292).jpg,0
glaucoma (293).jpg,0
glaucoma (294).jpg,0
glaucoma (295).jpg,0
glaucoma (296).jpg,0
glaucoma (297).jpg,0
glaucoma (298).jpg,0
glaucoma (299).jpg,0
glaucoma (3).jpg,0
glaucoma (30).jpg,0
glaucoma (300).jpg,0
glaucoma (301).jpg,0
glaucoma (302).jpg,0
glaucoma (303).jpg,0
glaucoma (304).jpg,0
glaucoma (305).jpg,0
glaucoma (306).jpg,0
glaucoma (307).jpg,0
glaucoma (308).jpg,0
glaucoma (309).jpg,0
glaucoma (31).jpg,0
glaucoma (310).jpg,0
glaucoma (311).jpg,0
glaucoma (312).jpg,0
glaucoma (313).jpg,0
glaucoma (314).jpg,0
glaucoma (315).jpg,0
glaucoma (316).jpg,0
glaucoma (317).jpg,0
glaucoma (318).jpg,0
glaucoma (319).jpg,0
glaucoma (32).jpg,0
glaucoma (320).jpg,0
glaucoma (321).jpg,0
glaucoma (322).jpg,0
glaucoma (323).jpg,0
glaucoma (324).jpg,0
glaucoma (325).jpg,0
glaucoma (326).jpg,0
glaucoma (327).jpg,0
glaucoma (328).jpg,0
glaucoma (329).jpg,0
glaucoma (33).jpg,0
glaucoma (330).jpg,0
glaucoma (331).jpg,0
glaucoma (332).jpg,0
glaucoma (333).jpg,0
glaucoma (334).jpg,0
glaucoma (335).jpg,0
glaucoma (336).jpg,0
glaucoma (337).jpg,0
glaucoma (338).jpg,0
glaucoma (339).jpg,0
glaucoma (34).jpg,0
glaucoma (340).jpg,0
glaucoma (341).jpg,0
glaucoma (342).jpg,0
glaucoma (343).jpg,0
glaucoma (344).jpg,0
glaucoma (345).jpg,0
glaucoma (346).jpg,0
glaucoma (347).jpg,0
glaucoma (348).jpg,0
glaucoma (349).jpg,0
glaucoma (35).jpg,0
glaucoma (350).jpg,0
glaucoma (351).jpg,0
glaucoma (352).jpg,0
glaucoma (353).jpg,0
glaucoma (354).jpg,0
glaucoma (355).jpg,0
glaucoma (356).jpg,0
glaucoma (357).jpg,0
glaucoma (358).jpg,0
glaucoma (359).jpg,0
glaucoma (36).jpg,0
glaucoma (360).jpg,0
glaucoma (361).jpg,0
glaucoma (362).jpg,0
glaucoma (363).jpg,0
glaucoma (364).jpg,0
glaucoma (365).jpg,0
glaucoma (366).jpg,0
glaucoma (367).jpg,0
glaucoma (368).jpg,0
glaucoma (369).jpg,0
glaucoma (37).jpg,0
glaucoma (370).jpg,0
glaucoma (371).jpg,0
glaucoma (372).jpg,0
glaucoma (373).jpg,0
glaucoma (374).jpg,0
glaucoma (375).jpg,0
glaucoma (376).jpg,0
glaucoma (377).jpg,0
glaucoma (378).jpg,0
glaucoma (379).jpg,0
glaucoma (38).jpg,0
glaucoma (380).jpg,0
glaucoma (381).jpg,0
glaucoma (382).jpg,0
glaucoma (383).jpg,0
glaucoma (384).jpg,0
glaucoma (385).jpg,0
glaucoma (386).jpg,0
glaucoma (387).jpg,0
glaucoma (388).jpg,0
glaucoma (389).jpg,0
glaucoma (39).jpg,0
glaucoma (390).jpg,0
glaucoma (391).jpg,0
glaucoma (392).jpg,0
glaucoma (393).jpg,0
glaucoma (394).jpg,0
glaucoma (395).jpg,0
glaucoma (396).jpg,0
glaucoma (397).jpg,0
glaucoma (398).jpg,0
glaucoma (399).jpg,0
glaucoma (4).jpg,0
glaucoma (40).jpg,0
glaucoma (400).jpg,0
glaucoma (401).jpg,0
glaucoma (402).jpg,0
glaucoma (403).jpg,0
glaucoma (404).jpg,0
glaucoma (405).jpg,0
glaucoma (406).jpg,0
glaucoma (407).jpg,0
glaucoma (408).jpg,0
glaucoma (409).jpg,0
glaucoma (41).jpg,0
glaucoma (410).jpg,0
glaucoma (411).jpg,0
glaucoma (412).jpg,0
glaucoma (413).jpg,0
glaucoma (414).jpg,0
glaucoma (415).jpg,0
glaucoma (416).jpg,0
glaucoma (417).jpg,0
glaucoma (418).jpg,0
glaucoma (419).jpg,0
glaucoma (42).jpg,0
glaucoma (420).jpg,0
glaucoma (421).jpg,0
glaucoma (422).jpg,0
glaucoma (423).jpg,0
glaucoma (424).jpg,0
glaucoma (425).jpg,0
glaucoma (426).jpg,0
glaucoma (427).jpg,0
glaucoma (428).jpg,0
glaucoma (429).jpg,0
glaucoma (43).jpg,0
glaucoma (430).jpg,0
glaucoma (431).jpg,0
glaucoma (432).jpg,0
glaucoma (433).jpg,0
glaucoma (434).jpg,0
glaucoma (435).jpg,0
glaucoma (436).jpg,0
glaucoma (437).jpg,0
glaucoma (438).jpg,0
glaucoma (439).jpg,0
glaucoma (44).jpg,0
glaucoma (440).jpg,0
glaucoma (441).jpg,0
glaucoma (442).jpg,0
glaucoma (443).jpg,0
glaucoma (444).jpg,0
glaucoma (445).jpg,0
glaucoma (446).jpg,0
glaucoma (447).jpg,0
glaucoma (448).jpg,0
glaucoma (449).jpg,0
glaucoma (45).jpg,0
glaucoma (450).jpg,0
glaucoma (451).jpg,0
glaucoma (452).jpg,0
glaucoma (453).jpg,0
glaucoma (454).jpg,0
glaucoma (455).jpg,0
glaucoma (456).jpg,0
glaucoma (457).jpg,0
glaucoma (458).jpg,0
glaucoma (459).jpg,0
glaucoma (46).jpg,0
glaucoma (460).jpg,0
glaucoma (461).jpg,0
glaucoma (462).jpg,0
glaucoma (463).jpg,0
glaucoma (464).jpg,0
glaucoma (465).jpg,0
glaucoma (466).jpg,0
glaucoma (467).jpg,0
glaucoma (468).jpg,0
glaucoma (469).jpg,0
glaucoma (47).jpg,0
glaucoma (470).jpg,0
glaucoma (471).jpg,0
glaucoma (472).jpg,0
glaucoma (473).jpg,0
glaucoma (474).jpg,0
glaucoma (475).jpg,0
glaucoma (476).jpg,0
glaucoma (477).jpg,0
glaucoma (478).jpg,0
glaucoma (479).jpg,0
glaucoma (48).jpg,0
glaucoma (480).jpg,0
glaucoma (481).jpg,0
glaucoma (482).jpg,0
glaucoma (483).jpg,0
glaucoma (484).jpg,0
glaucoma (485).jpg,0
glaucoma (486).jpg,0
glaucoma (487).jpg,0
glaucoma (488).jpg,0
glaucoma (489).jpg,0
glaucoma (49).jpg,0
glaucoma (490).jpg,0
glaucoma (491).jpg,0
glaucoma (492).jpg,0
glaucoma (493).jpg,0
glaucoma (494).jpg,0
glaucoma (495).jpg,0
glaucoma (496).jpg,0
glaucoma (497).jpg,0
glaucoma (498).jpg,0
glaucoma (499).jpg,0
glaucoma (5).jpg,0
glaucoma (50).jpg,0
glaucoma (500).jpg,0
glaucoma (501).jpg,0
glaucoma (502).jpg,0
glaucoma (503).jpg,0
glaucoma (504).jpg,0
glaucoma (505).jpg,0
glaucoma (506).jpg,0
glaucoma (507).jpg,0
glaucoma (508).jpg,0
glaucoma (509).jpg,0
glaucoma (51).jpg,0
glaucoma (510).jpg,0
glaucoma (511).jpg,0
glaucoma (512).jpg,0
glaucoma (513).jpg,0
glaucoma (514).jpg,0
glaucoma (515).jpg,0
glaucoma (516).jpg,0
glaucoma (517).jpg,0
glaucoma (518).jpg,0
glaucoma (519).jpg,0
glaucoma (52).jpg,0
glaucoma (520).jpg,0
glaucoma (521).jpg,0
glaucoma (522).jpg,0
glaucoma (523).jpg,0
glaucoma (524).jpg,0
glaucoma (525).jpg,0
glaucoma (526).jpg,0
glaucoma (527).jpg,0
glaucoma (528).jpg,0
glaucoma (529).jpg,0
glaucoma (53).jpg,0
glaucoma (530).jpg,0
glaucoma (531).jpg,0
glaucoma (532).jpg,0
glaucoma (533).jpg,0
glaucoma (534).jpg,0
glaucoma (535).jpg,0
glaucoma (536).jpg,0
glaucoma (537).jpg,0
glaucoma (538).jpg,0
glaucoma (539).jpg,0
glaucoma (54).jpg,0
glaucoma (540).jpg,0
glaucoma (541).jpg,0
glaucoma (542).jpg,0
glaucoma (543).jpg,0
glaucoma (544).jpg,0
glaucoma (545).jpg,0
glaucoma (546).jpg,0
glaucoma (547).jpg,0
glaucoma (548).jpg,0
glaucoma (549).jpg,0
glaucoma (55).jpg,0
glaucoma (550).jpg,0
glaucoma (551).jpg,0
glaucoma (552).jpg,0
glaucoma (553).jpg,0
glaucoma (554).jpg,0
glaucoma (555).jpg,0
glaucoma (556).jpg,0
glaucoma (557).jpg,0
glaucoma (558).jpg,0
glaucoma (559).jpg,0
glaucoma (56).jpg,0
glaucoma (560).jpg,0
glaucoma (561).jpg,0
glaucoma (562).jpg,0
glaucoma (563).jpg,0
glaucoma (564).jpg,0
glaucoma (565).jpg,0
glaucoma (566).jpg,0
glaucoma (567).jpg,0
glaucoma (568).jpg,0
glaucoma (569).jpg,0
glaucoma (57).jpg,0
glaucoma (570).jpg,0
glaucoma (571).jpg,0
glaucoma (572).jpg,0
glaucoma (573).jpg,0
glaucoma (574).jpg,0
glaucoma (575).jpg,0
glaucoma (576).jpg,0
glaucoma (577).jpg,0
glaucoma (578).jpg,0
glaucoma (579).jpg,0
glaucoma (58).jpg,0
glaucoma (580).jpg,0
glaucoma (581).jpg,0
glaucoma (582).jpg,0
glaucoma (583).jpg,0
glaucoma (584).jpg,0
glaucoma (585).jpg,0
glaucoma (586).jpg,0
glaucoma (587).jpg,0
glaucoma (588).jpg,0
glaucoma (589).jpg,0
glaucoma (59).jpg,0
glaucoma (590).jpg,0
glaucoma (591).jpg,0
glaucoma (592).jpg,0
glaucoma (593).jpg,0
glaucoma (594).jpg,0
glaucoma (595).jpg,0
glaucoma (596).jpg,0
glaucoma (597).jpg,0
glaucoma (598).jpg,0
glaucoma (599).jpg,0
glaucoma (6).jpg,0
glaucoma (60).jpg,0
glaucoma (600).jpg,0
glaucoma (601).jpg,0
glaucoma (602).jpg,0
glaucoma (603).jpg,0
glaucoma (604).jpg,0
glaucoma (605).jpg,0
glaucoma (606).jpg,0
glaucoma (607).jpg,0
glaucoma (608).jpg,0
glaucoma (609).jpg,0
glaucoma (61).jpg,0
glaucoma (610).jpg,0
glaucoma (611).jpg,0
glaucoma (612).jpg,0
glaucoma (613).jpg,0
glaucoma (614).jpg,0
glaucoma (615).jpg,0
glaucoma (616).jpg,0
glaucoma (617).jpg,0
glaucoma (618).jpg,0
glaucoma (619).jpg,0
glaucoma (62).jpg,0
glaucoma (620).jpg,0
glaucoma (621).jpg,0
glaucoma (622).jpg,0
glaucoma (623).jpg,0
glaucoma (624).jpg,0
glaucoma (625).jpg,0
glaucoma (626).jpg,0
glaucoma (627).jpg,0
glaucoma (628).jpg,0
glaucoma (629).jpg,0
glaucoma (63).jpg,0
glaucoma (630).jpg,0
glaucoma (631).jpg,0
glaucoma (632).jpg,0
glaucoma (633).jpg,0
glaucoma (634).jpg,0
glaucoma (635).jpg,0
glaucoma (636).jpg,0
glaucoma (637).jpg,0
glaucoma (638).jpg,0
glaucoma (639).jpg,0
glaucoma (64).jpg,0
glaucoma (640).jpg,0
glaucoma (641).jpg,0
glaucoma (642).jpg,0
glaucoma (643).jpg,0
glaucoma (644).jpg,0
glaucoma (645).jpg,0
glaucoma (646).jpg,0
glaucoma (647).jpg,0
glaucoma (648).jpg,0
glaucoma (649).jpg,0
glaucoma (65).jpg,0
glaucoma (650).jpg,0
glaucoma (651).jpg,0
glaucoma (652).jpg,0
glaucoma (653).jpg,0
glaucoma (654).jpg,0
glaucoma (655).jpg,0
glaucoma (656).jpg,0
glaucoma (657).jpg,0
glaucoma (658).jpg,0
glaucoma (659).jpg,0
glaucoma (66).jpg,0
glaucoma (660).jpg,0
glaucoma (661).jpg,0
glaucoma (662).jpg,0
glaucoma (663).jpg,0
glaucoma (664).jpg,0
glaucoma (665).jpg,0
glaucoma (666).jpg,0
glaucoma (667).jpg,0
glaucoma (668).jpg,0
glaucoma (669).jpg,0
glaucoma (67).jpg,0
glaucoma (670).jpg,0
glaucoma (671).jpg,0
glaucoma (672).jpg,0
glaucoma (673).jpg,0
glaucoma (674).jpg,0
glaucoma (675).jpg,0
glaucoma (676).jpg,0
glaucoma (677).jpg,0
glaucoma (678).jpg,0
glaucoma (679).jpg,0
glaucoma (68).jpg,0
glaucoma (680).jpg,0
glaucoma (681).jpg,0
glaucoma (682).jpg,0
glaucoma (683).jpg,0
glaucoma (684).jpg,0
glaucoma (685).jpg,0
glaucoma (686).jpg,0
glaucoma (687).jpg,0
glaucoma (688).jpg,0
glaucoma (689).jpg,0
glaucoma (69).jpg,0
glaucoma (690).jpg,0
glaucoma (691).jpg,0
glaucoma (692).jpg,0
glaucoma (693).jpg,0
glaucoma (694).jpg,0
glaucoma (695).jpg,0
glaucoma (696).jpg,0
glaucoma (697).jpg,0
glaucoma (698).jpg,0
glaucoma (699).jpg,0
glaucoma (7).jpg,0
glaucoma (70).jpg,0
glaucoma (700).jpg,0
glaucoma (701).jpg,0
glaucoma (702).jpg,0
glaucoma (71).jpg,0
glaucoma (72).jpg,0
glaucoma (73).jpg,0
glaucoma (74).jpg,0
glaucoma (75).jpg,0
glaucoma (76).jpg,0
glaucoma (77).jpg,0
glaucoma (78).jpg,0
glaucoma (79).jpg,0
glaucoma (8).jpg,0
glaucoma (80).jpg,0
glaucoma (81).jpg,0
glaucoma (82).jpg,0
glaucoma (83).jpg,0
glaucoma (84).jpg,0
glaucoma (85).jpg,0
glaucoma (86).jpg,0
glaucoma (87).jpg,0
glaucoma (88).jpg,0
glaucoma (89).jpg,0
glaucoma (9).jpg,0
glaucoma (90).jpg,0
glaucoma (91).jpg,0
glaucoma (92).jpg,0
glaucoma (93).jpg,0
glaucoma (94).jpg,0
glaucoma (95).jpg,0
glaucoma (96).jpg,0
glaucoma (97).jpg,0
glaucoma (98).jpg,0
glaucoma (99).jpg,0
normal (1).jpg,1
normal (10).jpg,1
normal (100).jpg,1
normal (101).jpg,1
normal (102).jpg,1
normal (103).jpg,1
normal (104).jpg,1
normal (105).jpg,1
normal (106).jpg,1
normal (107).jpg,1
normal (108).jpg,1
normal (109).jpg,1
normal (11).jpg,1
normal (110).jpg,1
normal (111).jpg,1
normal (112).jpg,1
normal (113).jpg,1
normal (114).jpg,1
normal (115).jpg,1
normal (116).jpg,1
normal (117).jpg,1
normal (118).jpg,1
normal (119).jpg,1
normal (12).jpg,1
normal (120).jpg,1
normal (121).jpg,1
normal (122).jpg,1
normal (123).jpg,1
normal (124).jpg,1
normal (125).jpg,1
normal (126).jpg,1
normal (127).jpg,1
normal (128).jpg,1
normal (129).jpg,1
normal (13).jpg,1
normal (130).jpg,1
normal (131).jpg,1
normal (132).jpg,1
normal (133).jpg,1
normal (134).jpg,1
normal (135).jpg,1
normal (136).jpg,1
normal (137).jpg,1
normal (138).jpg,1
normal (139).jpg,1
normal (14).jpg,1
normal (140).jpg,1
normal (141).jpg,1
normal (142).jpg,1
normal (143).jpg,1
normal (144).jpg,1
normal (145).jpg,1
normal (146).jpg,1
normal (147).jpg,1
normal (148).jpg,1
normal (149).jpg,1
normal (15).jpg,1
normal (150).jpg,1
normal (151).jpg,1
normal (152).jpg,1
normal (153).jpg,1
normal (154).jpg,1
normal (155).jpg,1
normal (156).jpg,1
normal (157).jpg,1
normal (158).jpg,1
normal (159).jpg,1
normal (16).jpg,1
normal (160).jpg,1
normal (161).jpg,1
normal (162).jpg,1
normal (163).jpg,1
normal (164).jpg,1
normal (165).jpg,1
normal (166).jpg,1
normal (167).jpg,1
normal (168).jpg,1
normal (169).jpg,1
normal (17).jpg,1
normal (170).jpg,1
normal (171).jpg,1
normal (172).jpg,1
normal (173).jpg,1
normal (174).jpg,1
normal (175).jpg,1
normal (176).jpg,1
normal (177).jpg,1
normal (178).jpg,1
normal (179).jpg,1
normal (18).jpg,1
normal (180).jpg,1
normal (181).jpg,1
normal (182).jpg,1
normal (183).jpg,1
normal (184).jpg,1
normal (185).jpg,1
normal (186).jpg,1
normal (187).jpg,1
normal (188).jpg,1
normal (189).jpg,1
normal (19).jpg,1
normal (190).jpg,1
normal (191).jpg,1
normal (192).jpg,1
normal (193).jpg,1
normal (194).jpg,1
normal (195).jpg,1
normal (196).jpg,1
normal (197).jpg,1
normal (198).jpg,1
normal (199).jpg,1
normal (2).jpg,1
normal (20).jpg,1
normal (200).jpg,1
normal (201).jpg,1
normal (202).jpg,1
normal (203).jpg,1
normal (204).jpg,1
normal (205).jpg,1
normal (206).jpg,1
normal (207).jpg,1
normal (208).jpg,1
normal (209).jpg,1
normal (21).jpg,1
normal (210).jpg,1
normal (211).jpg,1
normal (212).jpg,1
normal (213).jpg,1
normal (214).jpg,1
normal (215).jpg,1
normal (216).jpg,1
normal (217).jpg,1
normal (218).jpg,1
normal (219).jpg,1
normal (22).jpg,1
normal (220).jpg,1
normal (221).jpg,1
normal (222).jpg,1
normal (223).jpg,1
normal (224).jpg,1
normal (225).jpg,1
normal (226).jpg,1
normal (227).jpg,1
normal (228).jpg,1
normal (229).jpg,1
normal (23).jpg,1
normal (230).jpg,1
normal (231).jpg,1
normal (232).jpg,1
normal (233).jpg,1
normal (234).jpg,1
normal (235).jpg,1
normal (236).jpg,1
normal (237).jpg,1
normal (238).jpg,1
normal (239).jpg,1
normal (24).jpg,1
normal (240).jpg,1
normal (241).jpg,1
normal (242).jpg,1
normal (243).jpg,1
normal (244).jpg,1
normal (245).jpg,1
normal (246).jpg,1
normal (247).jpg,1
normal (248).jpg,1
normal (249).jpg,1
normal (25).jpg,1
normal (250).jpg,1
normal (251).jpg,1
normal (252).jpg,1
normal (253).jpg,1
normal (254).jpg,1
normal (255).jpg,1
normal (256).jpg,1
normal (257).jpg,1
normal (258).jpg,1
normal (259).jpg,1
normal (26).jpg,1
normal (260).jpg,1
normal (261).jpg,1
normal (262).jpg,1
normal (263).jpg,1
normal (264).jpg,1
normal (265).jpg,1
normal (266).jpg,1
normal (267).jpg,1
normal (268).jpg,1
normal (269).jpg,1
normal (27).jpg,1
normal (270).jpg,1
normal (271).jpg,1
normal (272).jpg,1
normal (273).jpg,1
normal (274).jpg,1
normal (275).jpg,1
normal (276).jpg,1
normal (277).jpg,1
normal (278).jpg,1
normal (279).jpg,1
normal (28).jpg,1
normal (280).jpg,1
normal (281).jpg,1
normal (282).jpg,1
normal (283).jpg,1
normal (284).jpg,1
normal (285).jpg,1
normal (286).jpg,1
normal (287).jpg,1
normal (288).jpg,1
normal (289).jpg,1
normal (29).jpg,1
normal (290).jpg,1
normal (291).jpg,1
normal (292).jpg,1
normal (293).jpg,1
normal (294).jpg,1
normal (295).jpg,1
normal (296).jpg,1
normal (297).jpg,1
normal (298).jpg,1
normal (299).jpg,1
normal (3).jpg,1
normal (30).jpg,1
normal (300).jpg,1
normal (301).jpg,1
normal (302).jpg,1
normal (303).jpg,1
normal (304).jpg,1
normal (305).jpg,1
normal (306).jpg,1
normal (307).jpg,1
normal (308).jpg,1
normal (309).jpg,1
normal (31).jpg,1
normal (310).jpg,1
normal (311).jpg,1
normal (312).jpg,1
normal (313).jpg,1
normal (314).jpg,1
normal (315).jpg,1
normal (316).jpg,1
normal (317).jpg,1
normal (318).jpg,1
normal (319).jpg,1
normal (32).jpg,1
normal (320).jpg,1
normal (321).jpg,1
normal (322).jpg,1
normal (323).jpg,1
normal (324).jpg,1
normal (325).jpg,1
normal (326).jpg,1
normal (327).jpg,1
normal (328).jpg,1
normal (329).jpg,1
normal (33).jpg,1
normal (330).jpg,1
normal (331).jpg,1
normal (332).jpg,1
normal (333).jpg,1
normal (334).jpg,1
normal (335).jpg,1
normal (336).jpg,1
normal (337).jpg,1
normal (338).jpg,1
normal (339).jpg,1
normal (34).jpg,1
normal (340).jpg,1
normal (341).jpg,1
normal (342).jpg,1
normal (343).jpg,1
normal (344).jpg,1
normal (345).jpg,1
normal (346).jpg,1
normal (347).jpg,1
normal (348).jpg,1
normal (349).jpg,1
normal (35).jpg,1
normal (350).jpg,1
normal (351).jpg,1
normal (352).jpg,1
normal (353).jpg,1
normal (354).jpg,1
normal (355).jpg,1
normal (356).jpg,1
normal (357).jpg,1
normal (358).jpg,1
normal (359).jpg,1
normal (36).jpg,1
normal (360).jpg,1
normal (361).jpg,1
normal (362).jpg,1
normal (363).jpg,1
normal (364).jpg,1
normal (365).jpg,1
normal (366).jpg,1
normal (367).jpg,1
normal (368).jpg,1
normal (369).jpg,1
normal (37).jpg,1
normal (370).jpg,1
normal (371).jpg,1
normal (372).jpg,1
normal (373).jpg,1
normal (374).jpg,1
normal (375).jpg,1
normal (376).jpg,1
normal (377).jpg,1
normal (378).jpg,1
normal (379).jpg,1
normal (38).jpg,1
normal (380).jpg,1
normal (381).jpg,1
normal (382).jpg,1
normal (383).jpg,1
normal (384).jpg,1
normal (385).jpg,1
normal (386).jpg,1
normal (387).jpg,1
normal (388).jpg,1
normal (389).jpg,1
normal (39).jpg,1
normal (390).jpg,1
normal (391).jpg,1
normal (392).jpg,1
normal (393).jpg,1
normal (394).jpg,1
normal (395).jpg,1
normal (396).jpg,1
normal (397).jpg,1
normal (398).jpg,1
normal (399).jpg,1
normal (4).jpg,1
normal (40).jpg,1
normal (400).jpg,1
normal (401).jpg,1
normal (402).jpg,1
normal (403).jpg,1
normal (404).jpg,1
normal (405).jpg,1
normal (406).jpg,1
normal (407).jpg,1
normal (408).jpg,1
normal (409).jpg,1
normal (41).jpg,1
normal (410).jpg,1
normal (411).jpg,1
normal (412).jpg,1
normal (413).jpg,1
normal (414).jpg,1
normal (415).jpg,1
normal (416).jpg,1
normal (417).jpg,1
normal (418).jpg,1
normal (419).jpg,1
normal (42).jpg,1
normal (420).jpg,1
normal (421).jpg,1
normal (422).jpg,1
normal (423).jpg,1
normal (424).jpg,1
normal (425).jpg,1
normal (426).jpg,1
normal (427).jpg,1
normal (428).jpg,1
normal (429).jpg,1
normal (43).jpg,1
normal (430).jpg,1
normal (431).jpg,1
normal (432).jpg,1
normal (433).jpg,1
normal (434).jpg,1
normal (435).jpg,1
normal (436).jpg,1
normal (437).jpg,1
normal (438).jpg,1
normal (439).jpg,1
normal (44).jpg,1
normal (440).jpg,1
normal (441).jpg,1
normal (442).jpg,1
normal (443).jpg,1
normal (444).jpg,1
normal (445).jpg,1
normal (446).jpg,1
normal (447).jpg,1
normal (448).jpg,1
normal (449).jpg,1
normal (45).jpg,1
normal (450).jpg,1
normal (451).jpg,1
normal (452).jpg,1
normal (453).jpg,1
normal (454).jpg,1
normal (455).jpg,1
normal (456).jpg,1
normal (457).jpg,1
normal (458).jpg,1
normal (459).jpg,1
normal (46).jpg,1
normal (460).jpg,1
normal (461).jpg,1
normal (462).jpg,1
normal (463).jpg,1
normal (464).jpg,1
normal (465).jpg,1
normal (466).jpg,1
normal (467).jpg,1
normal (468).jpg,1
normal (469).jpg,1
normal (47).jpg,1
normal (470).jpg,1
normal (471).jpg,1
normal (472).jpg,1
normal (473).jpg,1
normal (474).jpg,1
normal (475).jpg,1
normal (476).jpg,1
normal (477).jpg,1
normal (478).jpg,1
normal (479).jpg,1
normal (48).jpg,1
normal (480).jpg,1
normal (481).jpg,1
normal (482).jpg,1
normal (483).jpg,1
normal (484).jpg,1
normal (485).jpg,1
normal (486).jpg,1
normal (487).jpg,1
normal (488).jpg,1
normal (489).jpg,1
normal (49).jpg,1
normal (490).jpg,1
normal (491).jpg,1
normal (492).jpg,1
normal (493).jpg,1
normal (494).jpg,1
normal (495).jpg,1
normal (496).jpg,1
normal (497).jpg,1
normal (498).jpg,1
normal (499).jpg,1
normal (5).jpg,1
normal (50).jpg,1
normal (500).jpg,1
normal (501).jpg,1
normal (502).jpg,1
normal (503).jpg,1
normal (504).jpg,1
normal (505).jpg,1
normal (506).jpg,1
normal (507).jpg,1
normal (508).jpg,1
normal (509).jpg,1
normal (51).jpg,1
normal (510).jpg,1
normal (511).jpg,1
normal (512).jpg,1
normal (513).jpg,1
normal (514).jpg,1
normal (515).jpg,1
normal (516).jpg,1
normal (517).jpg,1
normal (518).jpg,1
normal (519).jpg,1
normal (52).jpg,1
normal (520).jpg,1
normal (521).jpg,1
normal (522).jpg,1
normal (523).jpg,1
normal (524).jpg,1
normal (525).jpg,1
normal (526).jpg,1
normal (527).jpg,1
normal (528).jpg,1
normal (529).jpg,1
normal (53).jpg,1
normal (530).jpg,1
normal (531).jpg,1
normal (532).jpg,1
normal (533).jpg,1
normal (534).jpg,1
normal (535).jpg,1
normal (536).jpg,1
normal (537).jpg,1
normal (538).jpg,1
normal (539).jpg,1
normal (54).jpg,1
normal (540).jpg,1
normal (541).jpg,1
normal (542).jpg,1
normal (543).jpg,1
normal (544).jpg,1
normal (545).jpg,1
normal (546).jpg,1
normal (547).jpg,1
normal (548).jpg,1
normal (549).jpg,1
normal (55).jpg,1
normal (550).jpg,1
normal (551).jpg,1
normal (552).jpg,1
normal (553).jpg,1
normal (554).jpg,1
normal (555).jpg,1
normal (556).jpg,1
normal (557).jpg,1
normal (558).jpg,1
normal (559).jpg,1
normal (56).jpg,1
normal (560).jpg,1
normal (561).jpg,1
normal (562).jpg,1
normal (563).jpg,1
normal (564).jpg,1
normal (565).jpg,1
normal (566).jpg,1
normal (567).jpg,1
normal (568).jpg,1
normal (569).jpg,1
normal (57).jpg,1
normal (570).jpg,1
normal (571).jpg,1
normal (572).jpg,1
normal (573).jpg,1
normal (574).jpg,1
normal (575).jpg,1
normal (576).jpg,1
normal (577).jpg,1
normal (578).jpg,1
normal (579).jpg,1
normal (58).jpg,1
normal (580).jpg,1
normal (581).jpg,1
normal (582).jpg,1
normal (583).jpg,1
normal (584).jpg,1
normal (585).jpg,1
normal (586).jpg,1
normal (587).jpg,1
normal (588).jpg,1
normal (589).jpg,1
normal (59).jpg,1
normal (590).jpg,1
normal (591).jpg,1
normal (592).jpg,1
normal (593).jpg,1
normal (594).jpg,1
normal (595).jpg,1
normal (596).jpg,1
normal (597).jpg,1
normal (598).jpg,1
normal (599).jpg,1
normal (6).jpg,1
normal (60).jpg,1
normal (600).jpg,1
normal (601).jpg,1
normal (602).jpg,1
normal (603).jpg,1
normal (604).jpg,1
normal (605).jpg,1
normal (606).jpg,1
normal (607).jpg,1
normal (608).jpg,1
normal (609).jpg,1
normal (61).jpg,1
normal (610).jpg,1
normal (611).jpg,1
normal (612).jpg,1
normal (613).jpg,1
normal (614).jpg,1
normal (615).jpg,1
normal (616).jpg,1
normal (617).jpg,1
normal (618).jpg,1
normal (619).jpg,1
normal (62).jpg,1
normal (620).jpg,1
normal (621).jpg,1
normal (622).jpg,1
normal (623).jpg,1
normal (624).jpg,1
normal (625).jpg,1
normal (626).jpg,1
normal (627).jpg,1
normal (628).jpg,1
normal (629).jpg,1
normal (63).jpg,1
normal (630).jpg,1
normal (631).jpg,1
normal (632).jpg,1
normal (633).jpg,1
normal (634).jpg,1
normal (635).jpg,1
normal (636).jpg,1
normal (637).jpg,1
normal (638).jpg,1
normal (639).jpg,1
normal (64).jpg,1
normal (640).jpg,1
normal (641).jpg,1
normal (642).jpg,1
normal (643).jpg,1
normal (644).jpg,1
normal (645).jpg,1
normal (646).jpg,1
normal (647).jpg,1
normal (648).jpg,1
normal (649).jpg,1
normal (65).jpg,1
normal (650).jpg,1
normal (651).jpg,1
normal (652).jpg,1
normal (653).jpg,1
normal (654).jpg,1
normal (655).jpg,1
normal (656).jpg,1
normal (657).jpg,1
normal (658).jpg,1
normal (659).jpg,1
normal (66).jpg,1
normal (660).jpg,1
normal (661).jpg,1
normal (662).jpg,1
normal (663).jpg,1
normal (664).jpg,1
normal (665).jpg,1
normal (666).jpg,1
normal (667).jpg,1
normal (668).jpg,1
normal (669).jpg,1
normal (67).jpg,1
normal (670).jpg,1
normal (671).jpg,1
normal (672).jpg,1
normal (673).jpg,1
normal (674).jpg,1
normal (675).jpg,1
normal (676).jpg,1
normal (677).jpg,1
normal (678).jpg,1
normal (679).jpg,1
normal (68).jpg,1
normal (680).jpg,1
normal (681).jpg,1
normal (682).jpg,1
normal (683).jpg,1
normal (684).jpg,1
normal (685).jpg,1
normal (686).jpg,1
normal (687).jpg,1
normal (688).jpg,1
normal (689).jpg,1
normal (69).jpg,1
normal (690).jpg,1
normal (691).jpg,1
normal (692).jpg,1
normal (693).jpg,1
normal (694).jpg,1
normal (695).jpg,1
normal (696).jpg,1
normal (697).jpg,1
normal (698).jpg,1
normal (699).jpg,1
normal (7).jpg,1
normal (70).jpg,1
normal (700).jpg,1
normal (701).jpg,1
normal (702).jpg,1
normal (703).jpg,1
normal (704).jpg,1
normal (705).jpg,1
normal (706).jpg,1
normal (707).jpg,1
normal (708).jpg,1
normal (709).jpg,1
normal (71).jpg,1
normal (710).jpg,1
normal (711).jpg,1
normal (712).jpg,1
normal (713).jpg,1
normal (714).jpg,1
normal (715).jpg,1
normal (716).jpg,1
normal (717).jpg,1
normal (718).jpg,1
normal (719).jpg,1
normal (72).jpg,1
normal (720).jpg,1
normal (721).jpg,1
normal (722).jpg,1
normal (723).jpg,1
normal (724).jpg,1
normal (725).jpg,1
normal (726).jpg,1
normal (727).jpg,1
normal (728).jpg,1
normal (729).jpg,1
normal (73).jpg,1
normal (730).jpg,1
normal (731).jpg,1
normal (732).jpg,1
normal (733).jpg,1
normal (734).jpg,1
normal (735).jpg,1
normal (736).jpg,1
normal (737).jpg,1
normal (738).jpg,1
normal (739).jpg,1
normal (74).jpg,1
normal (740).jpg,1
normal (741).jpg,1
normal (742).jpg,1
normal (743).jpg,1
normal (744).jpg,1
normal (745).jpg,1
normal (746).jpg,1
normal (747).jpg,1
normal (748).jpg,1
normal (749).jpg,1
normal (75).jpg,1
normal (750).jpg,1
normal (751).jpg,1
normal (752).jpg,1
normal (753).jpg,1
normal (754).jpg,1
normal (755).jpg,1
normal (756).jpg,1
normal (757).jpg,1
normal (758).jpg,1
normal (759).jpg,1
normal (76).jpg,1
normal (760).jpg,1
normal (761).jpg,1
normal (762).jpg,1
normal (763).jpg,1
normal (764).jpg,1
normal (765).jpg,1
normal (766).jpg,1
normal (767).jpg,1
normal (768).jpg,1
normal (769).jpg,1
normal (77).jpg,1
normal (770).jpg,1
normal (771).jpg,1
normal (772).jpg,1
normal (773).jpg,1
normal (774).jpg,1
normal (775).jpg,1
normal (776).jpg,1
normal (777).jpg,1
normal (778).jpg,1
normal (779).jpg,1
normal (78).jpg,1
normal (780).jpg,1
normal (781).jpg,1
normal (782).jpg,1
normal (783).jpg,1
normal (784).jpg,1
normal (785).jpg,1
normal (786).jpg,1
normal (787).jpg,1
normal (788).jpg,1
normal (789).jpg,1
normal (79).jpg,1
normal (790).jpg,1
normal (791).jpg,1
normal (792).jpg,1
normal (793).jpg,1
normal (794).jpg,1
normal (795).jpg,1
normal (796).jpg,1
normal (797).jpg,1
normal (798).jpg,1
normal (799).jpg,1
normal (8).jpg,1
normal (80).jpg,1
normal (800).jpg,1
normal (801).jpg,1
normal (802).jpg,1
normal (803).jpg,1
normal (804).jpg,1
normal (805).jpg,1
normal (806).jpg,1
normal (807).jpg,1
normal (808).jpg,1
normal (809).jpg,1
normal (81).jpg,1
normal (810).jpg,1
normal (811).jpg,1
normal (812).jpg,1
normal (813).jpg,1
normal (814).jpg,1
normal (815).jpg,1
normal (816).jpg,1
normal (817).jpg,1
normal (818).jpg,1
normal (819).jpg,1
normal (82).jpg,1
normal (820).jpg,1
normal (821).jpg,1
normal (822).jpg,1
normal (823).jpg,1
normal (824).jpg,1
normal (825).jpg,1
normal (826).jpg,1
normal (827).jpg,1
normal (828).jpg,1
normal (829).jpg,1
normal (83).jpg,1
normal (830).jpg,1
normal (831).jpg,1
normal (832).jpg,1
normal (833).jpg,1
normal (834).jpg,1
normal (835).jpg,1
normal (836).jpg,1
normal (837).jpg,1
normal (838).jpg,1
normal (839).jpg,1
normal (84).jpg,1
normal (840).jpg,1
normal (841).jpg,1
normal (842).jpg,1
normal (843).jpg,1
normal (844).jpg,1
normal (845).jpg,1
normal (846).jpg,1
normal (847).jpg,1
normal (848).jpg,1
normal (849).jpg,1
normal (85).jpg,1
normal (850).jpg,1
normal (851).jpg,1
normal (852).jpg,1
normal (853).jpg,1
normal (854).jpg,1
normal (855).jpg,1
normal (856).jpg,1
normal (857).jpg,1
normal (858).jpg,1
normal (859).jpg,1
normal (86).jpg,1
normal (860).jpg,1
normal (861).jpg,1
normal (862).jpg,1
normal (863).jpg,1
normal (864).jpg,1
normal (865).jpg,1
normal (866).jpg,1
normal (867).jpg,1
normal (868).jpg,1
normal (869).jpg,1
normal (87).jpg,1
normal (870).jpg,1
normal (871).jpg,1
normal (872).jpg,1
normal (873).jpg,1
normal (874).jpg,1
normal (875).jpg,1
normal (876).jpg,1
normal (877).jpg,1
normal (878).jpg,1
normal (879).jpg,1
normal (88).jpg,1
normal (880).jpg,1
normal (881).jpg,1
normal (882).jpg,1
normal (883).jpg,1
normal (884).jpg,1
normal (885).jpg,1
normal (886).jpg,1
normal (887).jpg,1
normal (888).jpg,1
normal (889).jpg,1
normal (89).jpg,1
normal (890).jpg,1
normal (891).jpg,1
normal (892).jpg,1
normal (893).jpg,1
normal (894).jpg,1
normal (895).jpg,1
normal (896).jpg,1
normal (897).jpg,1
normal (898).jpg,1
normal (899).jpg,1
normal (9).jpg,1
normal (90).jpg,1
normal (900).jpg,1
normal (901).jpg,1
normal (902).jpg,1
normal (903).jpg,1
normal (904).jpg,1
normal (905).jpg,1
normal (906).jpg,1
normal (907).jpg,1
normal (908).jpg,1
normal (909).jpg,1
normal (91).jpg,1
normal (910).jpg,1
normal (911).jpg,1
normal (912).jpg,1
normal (913).jpg,1
normal (914).jpg,1
normal (915).jpg,1
normal (916).jpg,1
normal (917).jpg,1
normal (918).jpg,1
normal (919).jpg,1
normal (92).jpg,1
normal (920).jpg,1
normal (921).jpg,1
normal (922).jpg,1
normal (923).jpg,1
normal (924).jpg,1
normal (925).jpg,1
normal (926).jpg,1
normal (927).jpg,1
normal (928).jpg,1
normal (929).jpg,1
normal (93).jpg,1
normal (930).jpg,1
normal (931).jpg,1
normal (932).jpg,1
normal (933).jpg,1
normal (934).jpg,1
normal (935).jpg,1
normal (936).jpg,1
normal (937).jpg,1
normal (938).jpg,1
normal (939).jpg,1
normal (94).jpg,1
normal (940).jpg,1
normal (941).jpg,1
normal (942).jpg,1
normal (943).jpg,1
normal (944).jpg,1
normal (945).jpg,1
normal (946).jpg,1
normal (947).jpg,1
normal (948).jpg,1
normal (949).jpg,1
normal (95).jpg,1
normal (950).jpg,1
normal (951).jpg,1
normal (952).jpg,1
normal (953).jpg,1
normal (954).jpg,1
normal (955).jpg,1
normal (956).jpg,1
normal (957).jpg,1
normal (958).jpg,1
normal (959).jpg,1
normal (96).jpg,1
normal (960).jpg,1
normal (97).jpg,1
normal (98).jpg,1
normal (99).jpg,1
other (1).jpg,2
other (10).jpg,2
other (100).jpg,2
other (101).jpg,2
other (102).jpg,2
other (103).jpg,2
other (104).jpg,2
other (105).jpg,2
other (106).jpg,2
other (107).jpg,2
other (108).jpg,2
other (109).jpg,2
other (11).jpg,2
other (110).jpg,2
other (111).jpg,2
other (112).jpg,2
other (113).jpg,2
other (114).jpg,2
other (115).jpg,2
other (116).jpg,2
other (117).jpg,2
other (118).jpg,2
other (119).jpg,2
other (12).jpg,2
other (120).jpg,2
other (121).jpg,2
other (122).jpg,2
other (123).jpg,2
other (124).jpg,2
other (125).jpg,2
other (126).jpg,2
other (127).jpg,2
other (128).jpg,2
other (129).jpg,2
other (13).jpg,2
other (130).jpg,2
other (131).jpg,2
other (132).jpg,2
other (133).jpg,2
other (134).jpg,2
other (135).jpg,2
other (136).jpg,2
other (137).jpg,2
other (138).jpg,2
other (139).jpg,2
other (14).jpg,2
other (140).jpg,2
other (141).jpg,2
other (142).jpg,2
other (143).jpg,2
other (144).jpg,2
other (145).jpg,2
other (146).jpg,2
other (147).jpg,2
other (148).jpg,2
other (149).jpg,2
other (15).jpg,2
other (150).jpg,2
other (151).jpg,2
other (152).jpg,2
other (153).jpg,2
other (154).jpg,2
other (155).jpg,2
other (156).jpg,2
other (157).jpg,2
other (158).jpg,2
other (159).jpg,2
other (16).jpg,2
other (160).jpg,2
other (161).jpg,2
other (162).jpg,2
other (163).jpg,2
other (164).jpg,2
other (165).jpg,2
other (166).jpg,2
other (167).jpg,2
other (168).jpg,2
other (169).jpg,2
other (17).jpg,2
other (170).jpg,2
other (171).jpg,2
other (172).jpg,2
other (173).jpg,2
other (174).jpg,2
other (175).jpg,2
other (176).jpg,2
other (177).jpg,2
other (178).jpg,2
other (179).jpg,2
other (18).jpg,2
other (180).jpg,2
other (181).jpg,2
other (182).jpg,2
other (183).jpg,2
other (184).jpg,2
other (185).jpg,2
other (186).jpg,2
other (187).jpg,2
other (188).jpg,2
other (189).jpg,2
other (19).jpg,2
other (190).jpg,2
other (191).jpg,2
other (192).jpg,2
other (193).jpg,2
other (194).jpg,2
other (195).jpg,2
other (196).jpg,2
other (197).jpg,2
other (198).jpg,2
other (199).jpg,2
other (2).jpg,2
other (20).jpg,2
other (200).jpg,2
other (201).jpg,2
other (202).jpg,2
other (203).jpg,2
other (204).jpg,2
other (205).jpg,2
other (206).jpg,2
other (207).jpg,2
other (208).jpg,2
other (209).jpg,2
other (21).jpg,2
other (210).jpg,2
other (211).jpg,2
other (212).jpg,2
other (213).jpg,2
other (214).jpg,2
other (215).jpg,2
other (216).jpg,2
other (217).jpg,2
other (218).jpg,2
other (219).jpg,2
other (22).jpg,2
other (220).jpg,2
other (221).jpg,2
other (222).jpg,2
other (223).jpg,2
other (224).jpg,2
other (225).jpg,2
other (226).jpg,2
other (227).jpg,2
other (228).jpg,2
other (229).jpg,2
other (23).jpg,2
other (230).jpg,2
other (231).jpg,2
other (232).jpg,2
other (233).jpg,2
other (234).jpg,2
other (235).jpg,2
other (236).jpg,2
other (237).jpg,2
other (238).jpg,2
other (239).jpg,2
other (24).jpg,2
other (240).jpg,2
other (241).jpg,2
other (242).jpg,2
other (243).jpg,2
other (244).jpg,2
other (245).jpg,2
other (246).jpg,2
other (247).jpg,2
other (248).jpg,2
other (249).jpg,2
other (25).jpg,2
other (250).jpg,2
other (251).jpg,2
other (252).jpg,2
other (253).jpg,2
other (254).jpg,2
other (255).jpg,2
other (256).jpg,2
other (257).jpg,2
other (258).jpg,2
other (259).jpg,2
other (26).jpg,2
other (260).jpg,2
other (261).jpg,2
other (262).jpg,2
other (263).jpg,2
other (264).jpg,2
other (265).jpg,2
other (266).jpg,2
other (267).jpg,2
other (268).jpg,2
other (269).jpg,2
other (27).jpg,2
other (270).jpg,2
other (271).jpg,2
other (272).jpg,2
other (273).jpg,2
other (274).jpg,2
other (275).jpg,2
other (276).jpg,2
other (277).jpg,2
other (278).jpg,2
other (279).jpg,2
other (28).jpg,2
other (280).jpg,2
other (281).jpg,2
other (282).jpg,2
other (283).jpg,2
other (284).jpg,2
other (285).jpg,2
other (286).jpg,2
other (287).jpg,2
other (288).jpg,2
other (289).jpg,2
other (29).jpg,2
other (290).jpg,2
other (291).jpg,2
other (292).jpg,2
other (293).jpg,2
other (294).jpg,2
other (295).jpg,2
other (296).jpg,2
other (297).jpg,2
other (298).jpg,2
other (299).jpg,2
other (3).jpg,2
other (30).jpg,2
other (300).jpg,2
other (301).jpg,2
other (302).jpg,2
other (303).jpg,2
other (304).jpg,2
other (305).jpg,2
other (306).jpg,2
other (307).jpg,2
other (308).jpg,2
other (309).jpg,2
other (31).jpg,2
other (310).jpg,2
other (311).jpg,2
other (312).jpg,2
other (313).jpg,2
other (314).jpg,2
other (315).jpg,2
other (316).jpg,2
other (317).jpg,2
other (318).jpg,2
other (319).jpg,2
other (32).jpg,2
other (320).jpg,2
other (321).jpg,2
other (322).jpg,2
other (323).jpg,2
other (324).jpg,2
other (325).jpg,2
other (326).jpg,2
other (327).jpg,2
other (328).jpg,2
other (329).jpg,2
other (33).jpg,2
other (330).jpg,2
other (331).jpg,2
other (332).jpg,2
other (333).jpg,2
other (334).jpg,2
other (335).jpg,2
other (336).jpg,2
other (337).jpg,2
other (338).jpg,2
other (339).jpg,2
other (34).jpg,2
other (340).jpg,2
other (341).jpg,2
other (342).jpg,2
other (343).jpg,2
other (344).jpg,2
other (345).jpg,2
other (346).jpg,2
other (347).jpg,2
other (348).jpg,2
other (349).jpg,2
other (35).jpg,2
other (350).jpg,2
other (351).jpg,2
other (352).jpg,2
other (353).jpg,2
other (354).jpg,2
other (355).jpg,2
other (356).jpg,2
other (357).jpg,2
other (358).jpg,2
other (359).jpg,2
other (36).jpg,2
other (360).jpg,2
other (361).jpg,2
other (362).jpg,2
other (363).jpg,2
other (364).jpg,2
other (365).jpg,2
other (366).jpg,2
other (367).jpg,2
other (368).jpg,2
other (369).jpg,2
other (37).jpg,2
other (370).jpg,2
other (371).jpg,2
other (372).jpg,2
other (373).jpg,2
other (374).jpg,2
other (375).jpg,2
other (376).jpg,2
other (377).jpg,2
other (378).jpg,2
other (379).jpg,2
other (38).jpg,2
other (380).jpg,2
other (381).jpg,2
other (382).jpg,2
other (383).jpg,2
other (384).jpg,2
other (385).jpg,2
other (386).jpg,2
other (387).jpg,2
other (388).jpg,2
other (389).jpg,2
other (39).jpg,2
other (390).jpg,2
other (391).jpg,2
other (392).jpg,2
other (393).jpg,2
other (394).jpg,2
other (395).jpg,2
other (396).jpg,2
other (397).jpg,2
other (398).jpg,2
other (399).jpg,2
other (4).jpg,2
other (40).jpg,2
other (400).jpg,2
other (401).jpg,2
other (402).jpg,2
other (403).jpg,2
other (404).jpg,2
other (405).jpg,2
other (406).jpg,2
other (407).jpg,2
other (408).jpg,2
other (409).jpg,2
other (41).jpg,2
other (410).jpg,2
other (411).jpg,2
other (412).jpg,2
other (413).jpg,2
other (414).jpg,2
other (415).jpg,2
other (416).jpg,2
other (417).jpg,2
other (418).jpg,2
other (419).jpg,2
other (42).jpg,2
other (420).jpg,2
other (421).jpg,2
other (422).jpg,2
other (423).jpg,2
other (424).jpg,2
other (425).jpg,2
other (426).jpg,2
other (427).jpg,2
other (428).jpg,2
other (429).jpg,2
other (43).jpg,2
other (430).jpg,2
other (431).jpg,2
other (432).jpg,2
other (433).jpg,2
other (434).jpg,2
other (435).jpg,2
other (436).jpg,2
other (437).jpg,2
other (438).jpg,2
other (439).jpg,2
other (44).jpg,2
other (440).jpg,2
other (441).jpg,2
other (442).jpg,2
other (443).jpg,2
other (444).jpg,2
other (445).jpg,2
other (446).jpg,2
other (447).jpg,2
other (448).jpg,2
other (449).jpg,2
other (45).jpg,2
other (450).jpg,2
other (451).jpg,2
other (452).jpg,2
other (453).jpg,2
other (454).jpg,2
other (455).jpg,2
other (456).jpg,2
other (457).jpg,2
other (458).jpg,2
other (459).jpg,2
other (46).jpg,2
other (460).jpg,2
other (461).jpg,2
other (462).jpg,2
other (463).jpg,2
other (464).jpg,2
other (465).jpg,2
other (466).jpg,2
other (467).jpg,2
other (468).jpg,2
other (469).jpg,2
other (47).jpg,2
other (470).jpg,2
other (471).jpg,2
other (472).jpg,2
other (473).jpg,2
other (474).jpg,2
other (475).jpg,2
other (476).jpg,2
other (477).jpg,2
other (478).jpg,2
other (479).jpg,2
other (48).jpg,2
other (480).jpg,2
other (481).jpg,2
other (482).jpg,2
other (483).jpg,2
other (484).jpg,2
other (485).jpg,2
other (486).jpg,2
other (487).jpg,2
other (488).jpg,2
other (489).jpg,2
other (49).jpg,2
other (490).jpg,2
other (491).jpg,2
other (492).jpg,2
other (493).jpg,2
other (494).jpg,2
other (495).jpg,2
other (496).jpg,2
other (497).jpg,2
other (498).jpg,2
other (499).jpg,2
other (5).jpg,2
other (50).jpg,2
other (500).jpg,2
other (501).jpg,2
other (502).jpg,2
other (503).jpg,2
other (504).jpg,2
other (505).jpg,2
other (506).jpg,2
other (507).jpg,2
other (508).jpg,2
other (509).jpg,2
other (51).jpg,2
other (510).jpg,2
other (511).jpg,2
other (512).jpg,2
other (513).jpg,2
other (514).jpg,2
other (515).jpg,2
other (516).jpg,2
other (517).jpg,2
other (518).jpg,2
other (519).jpg,2
other (52).jpg,2
other (520).jpg,2
other (521).jpg,2
other (522).jpg,2
other (523).jpg,2
other (524).jpg,2
other (525).jpg,2
other (526).jpg,2
other (527).jpg,2
other (528).jpg,2
other (529).jpg,2
other (53).jpg,2
other (530).jpg,2
other (531).jpg,2
other (532).jpg,2
other (533).jpg,2
other (534).jpg,2
other (535).jpg,2
other (536).jpg,2
other (537).jpg,2
other (538).jpg,2
other (539).jpg,2
other (54).jpg,2
other (540).jpg,2
other (541).jpg,2
other (542).jpg,2
other (543).jpg,2
other (544).jpg,2
other (545).jpg,2
other (546).jpg,2
other (547).jpg,2
other (548).jpg,2
other (549).jpg,2
other (55).jpg,2
other (550).jpg,2
other (551).jpg,2
other (552).jpg,2
other (553).jpg,2
other (554).jpg,2
other (555).jpg,2
other (556).jpg,2
other (557).jpg,2
other (558).jpg,2
other (559).jpg,2
other (56).jpg,2
other (560).jpg,2
other (561).jpg,2
other (562).jpg,2
other (563).jpg,2
other (564).jpg,2
other (565).jpg,2
other (566).jpg,2
other (567).jpg,2
other (568).jpg,2
other (569).jpg,2
other (57).jpg,2
other (570).jpg,2
other (571).jpg,2
other (572).jpg,2
other (573).jpg,2
other (574).jpg,2
other (575).jpg,2
other (576).jpg,2
other (577).jpg,2
other (578).jpg,2
other (579).jpg,2
other (58).jpg,2
other (580).jpg,2
other (581).jpg,2
other (582).jpg,2
other (583).jpg,2
other (584).jpg,2
other (585).jpg,2
other (586).jpg,2
other (587).jpg,2
other (588).jpg,2
other (589).jpg,2
other (59).jpg,2
other (590).jpg,2
other (591).jpg,2
other (592).jpg,2
other (593).jpg,2
other (594).jpg,2
other (595).jpg,2
other (596).jpg,2
other (597).jpg,2
other (598).jpg,2
other (599).jpg,2
other (6).jpg,2
other (60).jpg,2
other (600).jpg,2
other (601).jpg,2
other (602).jpg,2
other (603).jpg,2
other (604).jpg,2
other (605).jpg,2
other (606).jpg,2
other (607).jpg,2
other (608).jpg,2
other (609).jpg,2
other (61).jpg,2
other (610).jpg,2
other (611).jpg,2
other (612).jpg,2
other (613).jpg,2
other (614).jpg,2
other (615).jpg,2
other (616).jpg,2
other (617).jpg,2
other (618).jpg,2
other (619).jpg,2
other (62).jpg,2
other (620).jpg,2
other (621).jpg,2
other (622).jpg,2
other (623).jpg,2
other (624).jpg,2
other (625).jpg,2
other (626).jpg,2
other (627).jpg,2
other (628).jpg,2
other (629).jpg,2
other (63).jpg,2
other (630).jpg,2
other (631).jpg,2
other (632).jpg,2
other (633).jpg,2
other (634).jpg,2
other (635).jpg,2
other (636).jpg,2
other (637).jpg,2
other (638).jpg,2
other (639).jpg,2
other (64).jpg,2
other (640).jpg,2
other (641).jpg,2
other (642).jpg,2
other (643).jpg,2
other (644).jpg,2
other (645).jpg,2
other (646).jpg,2
other (647).jpg,2
other (648).jpg,2
other (649).jpg,2
other (65).jpg,2
other (650).jpg,2
other (651).jpg,2
other (66).jpg,2
other (67).jpg,2
other (68).jpg,2
other (69).jpg,2
other (7).jpg,2
other (70).jpg,2
other (71).jpg,2
other (72).jpg,2
other (73).jpg,2
other (74).jpg,2
other (75).jpg,2
other (76).jpg,2
other (77).jpg,2
other (78).jpg,2
other (79).jpg,2
other (8).jpg,2
other (80).jpg,2
other (81).jpg,2
other (82).jpg,2
other (83).jpg,2
other (84).jpg,2
other (85).jpg,2
other (86).jpg,2
other (87).jpg,2
other (88).jpg,2
other (89).jpg,2
other (9).jpg,2
other (90).jpg,2
other (91).jpg,2
other (92).jpg,2
other (93).jpg,2
other (94).jpg,2
other (95).jpg,2
other (96).jpg,2
other (97).jpg,2
other (98).jpg,2
other (99).jpg,2
